,Lib_size_0,Training_size_0,<-6_cnnaff_per_mw_0,Time_0,Avg_cnnaff_per_mw_0,Lib_size_1,Training_size_1,<-6_cnnaff_per_mw_1,Time_1,Avg_cnnaff_per_mw_1,Lib_size_2,Training_size_2,<-6_cnnaff_per_mw_2,Time_2,Avg_cnnaff_per_mw_2,Lib_size_3,Training_size_3,<-6_cnnaff_per_mw_3,Time_3,Avg_cnnaff_per_mw_3,Lib_size_4,Training_size_4,<-6_cnnaff_per_mw_4,Time_4,Avg_cnnaff_per_mw_4
0,15721,149,0,33.873682737350464,-0.013351276241538932,,,,,,,,,,,,,,,,,,,,
0,15721,149,0,33.873682737350464,-0.013351276241538932,15721.0,199.0,0.0,34.05365228652954,-0.01509839997597844,,,,,,,,,,,,,,,
0,15721,149,0,33.873682737350464,-0.013351276241538932,15721.0,199.0,0.0,34.05365228652954,-0.01509839997597844,15721.0,249.0,0.0,34.45722317695618,-0.015624941536540704,,,,,,,,,,
0,15721,149,0,33.873682737350464,-0.013351276241538932,15721.0,199.0,0.0,34.05365228652954,-0.01509839997597844,15721.0,249.0,0.0,34.45722317695618,-0.015624941536540704,15721.0,299.0,0.0,34.86651635169983,-0.014324974043976615,,,,,
0,15721,149,0,33.873682737350464,-0.013351276241538932,15721.0,199.0,0.0,34.05365228652954,-0.01509839997597844,15721.0,249.0,0.0,34.45722317695618,-0.015624941536540704,15721.0,299.0,0.0,34.86651635169983,-0.014324974043976615,15721.0,349.0,0.0,35.096054553985596,-0.016316618294429402
